{
  "mean": [
    -0.22990297983599287,
    0.9336516766062157,
    0.6726912843991077,
    -0.4671533465275469,
    7.284503087545673e-05,
    -0.06789305066021095,
    0.7314746245970281,
    0.2567927919286884,
    0.9028371018749437,
    0.689941120445486,
    -0.4536315000806592,
    0.0033292284559690802,
    0.11027977918463765,
    0.7553740260808304
  ],
  "std": [
    0.26894410916726386,
    0.9949792557184652,
    0.7471633078837658,
    0.5063106123953323,
    0.013359970512277651,
    0.5218988890741614,
    0.4254996820635587,
    0.3550566025595603,
    1.0387609659267043,
    0.8214586593452732,
    0.5298704463815151,
    0.014191071608593012,
    0.5331590734996071,
    0.4131583812896021
  ],
  "min": [
    -0.9219486117362976,
    0.0,
    0.0,
    -1.7758928537368774,
    -0.15149949491024017,
    -3.2273032665252686,
    0.0,
    -5.723666191101074,
    0.0,
    0.0,
    -1.8378304243087769,
    -0.09946323931217194,
    -2.6508212089538574,
    0.0
  ],
  "max": [
    0.003273499198257923,
    2.7201085090637207,
    2.9042391777038574,
    0.0,
    0.23992611467838287,
    2.0315911769866943,
    1.0,
    0.9650523066520691,
    3.2921669483184814,
    3.5581700801849365,
    0.0,
    0.21743492782115936,
    2.9401445388793945,
    1.0
  ]
}
